cutoff, intercept,nltk_paragraph1_sentiment,nltk_title_sentiment,disgust,fear,sadness
-0.2,0.32993958062678552,0.35670723844832158,0.10596176487986628,-0.45128718750207597,-0.26835365486062485,-0.48845322450488099