cutoff, intercept,coefficient_0,coefficient_1,coefficient_2,coefficient_3
-0.4,-0.035891771253764776,0.44332050634460435,-0.03744880869605223,0.16374683699099163,0.95808426576179684