cutoff, intercept,nltk_combined_sentiment,sadness,nltk_all-para2,nltk_all-title
-0.4,0.21962382783395151,0.89723044052800505,-0.57762196537176369,0.41742768177752809,-0.180257215515155