R-2,AR-2,n,k,mse,rmse,sse,se,intercept,nltk_combined_negative,nc_nltk_paragraph2_positive,nc_joy,nc_nltk_title_negative,nc_aylien_paragraph2_negative,nc_sadness
0.37001986872379866,0.31962145822170263,82,7,0.06706484427028585,0.2589688094545091,0.07235943723899263,0.2689970952240798,0.37231115852737739,0.77025110006043185,0.64965399626039855,0.2601488003624165,-0.32904353844546369,0.13073566951517129,0.58270371441401736
